MesNum,MesNome,Media,DesvioPadrao,DP_Pos_1,DP_Pos_1_5,DP_Pos_2,DP_Pos_3,DP_Neg_1,DP_Neg_1_5,DP_Neg_2,DP_Neg_3
1,Jan,455.25,119.37,574.62,634.3,693.98,813.35,335.88,276.2,216.51,97.15
2,Fev,552.71,108.28,660.99,715.13,769.27,877.55,444.42,390.28,336.14,227.86
3,Mar,639.43,105.18,744.61,797.2,849.79,954.97,534.25,481.66,429.07,323.89
4,Abr,664.98,82.63,747.61,788.92,830.23,912.86,582.35,541.04,499.73,417.1
5,Mai,584.88,97.84,682.72,731.64,780.56,878.4,487.04,438.12,389.2,291.35
6,Jun,450.98,101.19,552.17,602.77,653.36,754.56,349.79,299.19,248.6,147.4
7,Jul,362.62,123.07,485.69,547.23,608.76,731.83,239.55,178.01,116.48,-6.59
8,Ago,302.7,134.76,437.46,504.84,572.22,706.99,167.93,100.55,33.17,-101.59
9,Set,249.27,120.48,369.75,429.99,490.23,610.71,128.79,68.54,8.3,-112.18
10,Out,237.07,106.41,343.48,396.68,449.88,556.29,130.66,77.46,24.25,-82.15
11,Nov,266.72,103.96,370.68,422.66,474.64,578.6,162.76,110.78,58.81,-45.15
12,Dez,346.94,111.98,458.92,514.91,570.9,682.88,234.96,178.97,122.98,11.01
