Data,Cota
2017-07-27,340.69
2017-07-28,307.29
2017-07-29,274.54
2017-07-30,261.62
2017-07-31,259.08
2017-08-01,263.7
2017-08-02,262.5
2017-08-03,256.46
2017-08-04,277.35
2017-08-05,282.76
2017-08-06,274.83
2017-08-07,266.37
2017-08-08,266.47
2017-08-09,331.27
2017-08-10,329.91
2017-08-11,294.79
2017-08-12,277.79
2017-08-13,269.0
2017-08-14,276.29
2017-08-15,276.04
2017-08-16,297.33
2017-08-17,304.62
2017-08-18,316.29
2017-08-19,286.53
2017-08-20,282.17
2017-08-21,301.0
2017-08-22,285.83
2017-08-23,276.92
2017-08-24,275.26
2017-08-25,273.71
2017-08-26,271.96
2017-08-27,272.38
2017-08-28,277.92
2017-08-29,329.38
2017-08-30,352.09
2017-08-31,351.04
2017-09-01,356.85
2017-09-02,322.31
2017-09-03,276.2
2017-09-04,274.92
2017-09-05,342.0
2017-09-06,396.96
2017-09-07,341.92
2017-09-08,329.33
2017-09-09,336.12
2017-09-10,306.18
2017-09-11,343.08
2017-09-12,462.21
2017-09-13,490.91
2017-09-14,507.42
2017-09-15,539.08
2017-09-16,514.35
2017-09-17,376.62
2017-09-18,481.12
2017-09-19,549.08
2017-09-20,578.79
2017-09-21,596.75
2017-09-22,607.21
2017-09-23,551.21
2017-09-24,378.5
2017-09-25,461.12
2017-09-26,573.3
2017-09-27,600.33
2017-09-28,581.25
2017-09-29,578.17
2017-09-30,432.04
2017-10-01,318.12
2017-10-02,422.83
2017-10-03,513.79
2017-10-04,436.54
2017-10-05,416.17
2017-10-06,444.0
2017-10-07,355.08
2017-10-08,303.96
2017-10-09,437.58
2017-10-10,504.38
2017-10-11,510.0
2017-10-12,387.58
2017-10-13,381.46
2017-10-14,332.08
2017-10-15,277.71
2017-10-16,301.79
2017-10-17,306.42
2017-10-18,326.33
2017-10-19,371.29
2017-10-20,353.89
2017-10-21,289.7
2017-10-22,272.2
2017-10-23,328.13
2017-10-24,283.3
2017-10-25,261.4
2017-10-26,307.52
2017-10-27,341.85
2017-10-28,306.25
2017-10-29,275.62
2017-10-30,352.24
2017-10-31,435.79
2017-11-01,382.25
2017-11-02,291.58
2017-11-03,280.6
2017-11-04,301.12
2017-11-05,285.38
2017-11-06,348.21
2017-11-07,303.41
2017-11-08,291.81
2017-11-09,287.5
2017-11-10,281.88
2017-11-11,324.5
2017-11-12,297.89
2017-11-13,334.3
2017-11-14,343.29
2017-11-15,286.35
2017-11-16,316.5
2017-11-17,316.32
2017-11-18,284.65
2017-11-19,273.84
2017-11-20,295.75
2017-11-21,287.96
2017-11-22,319.0
2017-11-23,356.6
2017-11-24,353.4
2017-11-25,326.78
2017-11-26,296.55
2017-11-27,334.15
2017-11-28,384.35
2017-11-29,422.36
2017-11-30,389.06
2017-12-01,345.58
2017-12-02,331.4
2017-12-03,300.56
2017-12-04,320.0
2017-12-05,364.38
2017-12-06,356.15
2017-12-07,337.38
2017-12-08,344.46
2017-12-09,360.78
2017-12-10,317.96
2017-12-11,361.26
2017-12-12,365.85
2017-12-13,384.5
2017-12-14,384.65
2017-12-15,393.0
2017-12-16,383.09
2017-12-17,318.33
2017-12-19,386.25
2017-12-20,440.61
2017-12-21,470.0
2017-12-22,468.67
2017-12-23,385.12
2017-12-24,309.9
2017-12-25,271.54
2017-12-26,378.58
2017-12-27,451.95
2017-12-28,470.91
2017-12-29,462.58
2017-12-30,413.67
2017-12-31,419.75
2018-01-01,361.0
2018-01-02,547.13
2018-01-03,638.56
2018-01-04,656.0
2018-01-05,639.12
2018-01-06,583.0
2018-01-07,427.71
2018-01-08,424.75
2018-01-09,446.17
2018-01-10,480.29
2018-01-11,525.71
2018-01-12,535.0
2018-01-13,516.21
2018-01-14,430.5
2018-01-15,445.78
2018-01-16,386.19
2018-01-17,364.65
2018-01-18,436.21
2018-01-19,531.54
2018-01-20,568.74
2018-01-21,380.18
2018-01-22,456.84
2018-01-23,522.0
2018-01-24,559.28
2018-01-25,540.4
2018-01-26,548.6
2018-01-27,496.5
2018-01-30,443.0
2018-02-01,515.0
2018-02-02,517.0
2018-02-03,501.75
2018-02-05,414.0
2018-02-06,434.0
2018-02-07,437.67
2018-02-08,479.29
2018-02-09,532.33
2018-02-10,420.33
2018-02-11,316.11
2018-02-12,336.25
2018-02-13,513.67
2018-02-14,631.4
2018-02-15,771.82
2018-02-16,949.55
2018-02-17,956.0
2018-02-18,1009.42
2018-02-19,1091.44
2018-02-20,1137.86
2018-02-21,1118.4
2018-02-22,1134.11
2018-02-23,1154.67
2018-02-24,1052.91
2018-02-25,1028.09
2018-02-26,1111.38
2018-02-27,1118.0
2018-02-28,1078.44
2018-03-01,992.11
2018-03-02,1097.67
2018-03-03,1119.8
2018-03-04,1038.14
2018-03-05,1088.25
2018-03-06,1160.2
2018-03-07,1117.5
2018-03-08,1065.6
2018-03-10,1056.4
2018-03-11,1022.43
2018-03-12,1137.38
2018-03-13,1083.0
2018-03-14,1038.67
2018-03-15,1084.33
2018-03-16,1132.14
2018-03-17,1089.8
2018-03-18,876.17
2018-03-19,1136.7
2018-03-20,981.25
2018-03-21,1099.0
2018-03-22,1134.29
2018-03-24,1165.0
2019-04-18,0.0
2019-05-07,640.17
2019-05-09,752.5
2019-05-10,848.0
2019-05-13,738.0
2019-05-16,629.0
2019-05-21,72.57
2019-05-22,73.65
2019-05-23,320.87
2019-05-24,392.49
2019-05-25,373.41
2019-05-26,320.37
2019-05-27,334.22
2019-05-28,348.19
2019-05-29,352.16
2019-05-30,336.31
2019-05-31,339.9
2019-06-01,301.53
2019-06-02,256.27
2019-06-03,332.63
2019-06-04,285.37
2019-06-05,53.75
2019-06-06,232.39
2019-06-07,267.59
2019-06-08,260.71
2019-06-09,231.5
2019-06-10,238.74
2019-06-11,268.55
2019-06-12,317.07
2019-06-13,310.72
2019-06-14,272.18
2019-06-15,215.08
2019-06-16,186.17
2019-06-17,191.59
2019-06-18,204.26
2019-06-19,204.27
2019-06-20,202.46
2019-06-21,185.18
2019-06-22,200.87
2019-06-23,198.92
2019-06-24,198.79
2019-06-25,212.96
2019-06-26,205.38
2019-06-27,198.71
2019-06-28,191.3
2019-06-29,167.54
2019-06-30,171.48
2019-07-01,187.04
2019-07-02,185.59
2019-07-03,203.35
2019-07-04,186.75
2019-07-05,168.08
2019-07-06,162.87
2019-07-07,186.26
2019-07-08,170.0
2019-07-09,186.49
2019-07-10,152.66
2019-07-11,40.12
2019-07-12,35.08
2019-07-13,31.33
2019-07-14,27.92
2019-07-15,30.42
2019-07-16,31.04
2019-07-17,30.51
2019-07-18,29.25
2019-07-19,29.88
2019-07-20,32.46
2019-07-21,35.0
2019-07-22,27.79
2019-07-23,26.42
2019-07-24,25.88
2019-07-25,25.75
2019-07-26,25.38
2019-07-27,25.58
2019-07-28,26.12
2019-07-29,25.88
2019-07-30,25.92
2019-08-11,20.8
2019-08-12,124.01
2019-08-13,155.98
2019-08-14,163.06
2019-08-15,156.42
2019-08-16,146.54
2019-08-17,145.81
2019-08-18,148.12
2019-08-19,170.95
2019-08-20,191.76
2019-08-21,191.04
2019-08-22,193.01
2019-08-23,217.6
2019-08-24,450.62
2019-08-25,379.96
2019-08-26,343.17
2019-08-27,337.47
2019-08-28,357.63
2019-08-29,360.62
2019-08-30,385.33
2019-08-31,362.38
2019-09-01,331.42
2019-09-02,366.88
2019-09-03,369.62
2019-09-04,388.58
2019-09-05,383.25
2019-09-06,315.04
2019-09-07,275.42
2019-09-08,271.29
2019-09-09,344.08
2019-09-10,407.75
2019-09-11,416.71
2019-09-12,445.83
2019-09-13,471.92
2019-09-14,400.17
2019-09-15,314.42
2019-09-16,372.21
2019-09-17,455.04
2019-09-18,504.42
2019-09-19,469.04
2019-09-20,500.17
2019-09-21,434.5
2019-09-22,326.79
2019-09-23,385.71
2019-09-24,434.29
2019-09-25,469.54
2019-09-26,497.88
2019-09-27,551.79
2019-09-28,555.08
2019-09-29,417.0
2019-09-30,456.75
2019-10-01,510.62
2019-10-02,504.46
2019-10-03,487.12
2019-10-04,432.79
2019-10-05,424.5
2019-10-06,356.21
2019-10-07,417.25
2019-10-08,418.5
2019-10-09,389.83
2019-10-10,376.04
2019-10-11,363.42
2019-10-12,359.0
2019-10-13,388.21
2019-10-14,500.96
2019-10-15,565.25
2019-10-16,524.38
2019-10-17,509.75
2019-10-18,563.96
2019-10-19,595.0
2019-10-20,475.39
2019-10-21,574.67
2019-10-22,643.54
2019-10-23,616.12
2019-10-24,583.39
2019-10-25,492.67
2019-10-26,453.3
2019-10-27,365.88
2019-10-28,368.46
2019-10-29,442.88
2019-10-30,510.17
2019-10-31,541.29
2019-11-01,564.04
2019-11-02,399.92
2019-11-03,365.75
2019-11-04,542.54
2019-11-05,562.0
2019-11-06,424.5
2019-11-07,329.46
2019-11-08,308.17
2019-11-09,304.71
2019-11-10,304.83
2019-11-11,298.83
2019-11-12,291.42
2019-11-13,292.25
2019-11-14,333.88
2019-11-15,318.79
2019-11-16,296.17
2019-11-17,292.38
2019-11-18,329.54
2019-11-19,306.71
2019-11-20,294.04
2019-11-21,315.12
2019-11-22,395.12
2019-11-23,433.71
2019-11-24,428.08
2019-11-25,432.33
2019-11-26,473.04
2019-11-27,459.5
2019-11-28,483.29
2019-11-29,484.62
2019-11-30,481.96
2019-12-01,407.58
2019-12-02,484.96
2019-12-03,544.21
2019-12-04,489.92
2019-12-05,455.25
2019-12-06,457.42
2019-12-07,449.0
2019-12-08,440.79
2019-12-09,436.42
2019-12-10,423.67
2019-12-11,418.04
2019-12-12,448.29
2019-12-13,425.29
2019-12-14,388.75
2019-12-15,338.0
2019-12-16,368.79
2019-12-17,427.83
2019-12-18,426.79
2019-12-19,429.46
2019-12-20,445.33
2019-12-21,463.5
2019-12-22,377.62
2019-12-23,404.25
2019-12-24,417.83
2019-12-25,332.04
2019-12-26,373.71
2019-12-27,412.5
2019-12-28,416.61
2019-12-29,393.62
2019-12-30,398.83
2019-12-31,420.12
2020-01-01,380.21
2020-01-02,414.54
2020-01-03,427.67
2020-01-04,395.12
2020-01-05,366.12
2020-01-06,413.88
2020-01-07,433.83
2020-01-08,453.75
2020-01-09,457.17
2020-01-10,458.67
2020-01-11,459.54
2020-01-12,446.08
2020-01-13,458.33
2020-01-14,455.75
2020-01-15,451.08
2020-01-16,445.33
2020-01-17,440.75
2020-01-18,394.75
2020-01-19,340.12
2020-01-20,424.96
2020-01-21,437.71
2020-01-22,417.29
2020-01-23,418.33
2020-01-24,428.38
2020-01-25,449.92
2020-01-26,418.71
2020-01-27,505.21
2020-01-28,543.62
2020-01-29,494.08
2020-01-30,467.21
2020-01-31,535.5
2020-02-01,574.21
2020-02-02,550.71
2020-02-03,570.71
2020-02-04,608.71
2020-02-05,653.96
2020-02-06,676.46
2020-02-07,682.79
2020-02-08,669.58
2020-02-09,589.62
2020-02-10,662.17
2020-02-11,606.83
2020-02-12,591.08
2020-02-13,624.08
2020-02-14,578.75
2020-02-15,545.29
2020-02-16,603.46
2020-02-17,664.75
2020-02-18,671.62
2020-02-19,630.79
2020-02-20,618.46
2020-02-21,614.96
2020-02-22,606.5
2020-02-23,539.04
2020-02-24,447.5
2020-02-25,461.5
2020-02-26,494.38
2020-02-27,641.58
2020-02-28,680.92
2020-02-29,654.12
2020-03-01,596.75
2020-03-02,656.96
2020-03-03,648.75
2020-03-04,635.21
2020-03-05,677.29
2020-03-06,713.67
2020-03-07,642.25
2020-03-08,524.79
2020-03-09,622.21
2020-03-10,706.25
2020-03-11,801.67
2020-03-12,841.33
2020-03-13,890.62
2020-03-14,963.0
2020-03-15,1052.12
2020-03-16,1172.67
2020-03-17,1209.58
2020-03-18,1228.88
2020-03-19,1255.83
2020-03-20,1282.96
2020-03-21,1318.33
2020-03-22,1345.42
2020-03-23,1367.25
2020-03-24,1341.08
2020-03-25,1337.0
2020-03-26,1305.38
2020-03-27,1283.79
2020-03-28,1274.22
2020-03-29,1268.46
2020-03-30,1267.71
2020-03-31,1252.92
2020-04-01,1210.83
2020-04-02,1196.25
2020-04-03,1217.67
2020-04-04,1202.75
2020-04-05,1170.29
2020-04-06,1133.88
2020-04-07,1053.71
2020-04-08,1008.04
2020-04-09,938.96
2020-04-10,875.42
2020-04-11,884.25
2020-04-12,841.12
2020-04-13,896.75
2020-04-14,1015.67
2020-04-15,1131.38
2020-04-16,1171.83
2020-04-17,1200.88
2020-04-18,1259.5
2020-04-19,1241.12
2020-04-20,1287.21
2020-04-21,1289.04
2020-04-22,1309.21
2020-04-23,1298.79
2020-04-24,1293.87
2020-04-25,1285.83
2020-04-26,1259.7
2020-04-27,1263.88
2020-04-28,1280.67
2020-04-29,1275.67
2020-04-30,1252.71
2020-05-01,1157.75
2020-05-02,1098.75
2020-05-03,1050.76
2020-05-04,968.58
2020-05-05,895.83
2020-05-06,959.78
2020-05-07,1018.88
2020-05-08,950.29
2020-05-09,799.92
2020-05-10,764.35
2020-05-11,854.79
2020-05-12,907.21
2020-05-13,889.67
2020-05-14,831.88
2020-05-15,811.58
2020-05-16,774.75
2020-05-17,823.25
2020-05-18,872.04
2020-05-19,861.23
2020-05-20,848.88
2020-05-21,803.62
2020-05-22,767.88
2020-05-23,782.21
2020-05-24,775.25
2020-05-25,799.96
2020-05-26,811.25
2020-05-27,798.67
2020-05-28,692.75
2020-05-29,611.88
2020-05-30,723.46
2020-05-31,746.79
2020-06-01,778.09
2020-06-02,777.79
2020-06-03,703.25
2020-06-04,659.67
2020-06-05,651.71
2020-06-06,644.46
2020-06-07,645.88
2020-06-08,637.42
2020-06-09,612.92
2020-06-10,585.95
2020-06-11,452.06
2020-06-12,433.54
2020-06-13,459.0
2020-06-14,500.7
2020-06-15,520.54
2020-06-16,544.07
2020-06-17,527.81
2020-06-18,496.44
2020-06-19,496.94
2020-06-20,426.07
2020-06-21,380.93
2020-06-22,464.69
2020-06-23,468.5
2020-06-24,462.74
2020-06-25,462.95
2020-06-26,440.77
2020-06-27,402.15
2020-06-28,358.19
2020-06-29,354.27
2020-06-30,357.21
2020-07-01,363.48
2020-07-02,406.69
2020-07-03,375.69
2020-07-04,338.41
2020-07-05,350.0
2020-07-24,360.03
2020-07-25,347.02
2020-07-26,332.6
2020-07-27,362.48
2020-07-28,372.18
2020-07-29,391.63
2020-07-30,371.69
2020-07-31,352.71
2020-08-01,351.41
2020-08-02,309.79
2020-08-03,323.21
2020-08-04,362.5
2020-08-05,364.98
2020-08-06,363.18
2020-08-07,393.18
2020-08-08,385.31
2020-08-09,336.18
2020-08-10,390.46
2020-08-11,424.56
2020-08-12,445.04
2020-08-13,473.12
2020-08-14,467.32
2020-08-15,478.6
2020-08-16,405.45
2020-08-17,399.59
2020-08-18,441.17
2020-08-19,462.74
2020-08-20,480.71
2020-08-21,468.94
2020-08-22,385.82
2020-08-23,319.64
2020-08-24,370.98
2020-08-25,388.54
2020-08-26,381.47
2020-08-27,392.95
2020-08-28,418.04
2020-08-29,396.18
2020-08-30,369.13
2020-08-31,417.52
2020-09-01,427.92
2020-09-02,441.91
2020-09-03,407.87
2020-09-04,405.83
2020-09-05,425.25
2020-09-06,396.13
2020-09-07,402.66
2020-09-08,447.57
2020-09-09,467.53
2020-09-10,504.75
2020-09-11,473.48
2020-09-12,445.73
2020-09-13,354.49
2020-09-14,393.53
2020-09-15,411.52
2020-09-16,441.15
2020-09-17,491.83
2020-09-18,510.38
2020-09-19,472.47
2020-09-20,428.0
2020-09-21,431.24
2020-09-22,448.28
2020-09-23,444.41
2020-09-24,428.21
2020-09-25,443.8
2020-09-26,447.99
2020-09-27,421.84
2020-09-28,470.81
2020-09-29,494.22
2020-09-30,461.51
2020-10-01,475.12
2020-10-02,480.57
2020-10-03,499.08
2020-10-04,477.45
2020-10-05,461.81
2020-10-06,471.54
2020-10-07,526.56
2020-10-08,558.61
2020-10-09,638.41
2020-10-10,689.57
2020-10-11,635.17
2020-10-12,494.61
2020-10-13,504.52
2020-10-14,527.62
2020-10-15,546.77
2020-10-16,533.05
2020-10-17,446.91
2020-10-18,399.32
2020-10-19,451.95
2020-10-20,464.33
2020-10-21,489.48
2020-10-22,514.0
2020-10-23,436.36
2020-10-24,436.43
2020-10-25,431.67
2020-10-26,427.25
2020-10-27,458.48
2020-10-28,440.49
2020-10-29,409.11
2020-10-30,399.04
2020-10-31,398.33
2020-11-01,360.82
2020-11-02,348.3
2020-11-03,375.4
2020-11-04,370.38
2020-11-05,351.88
2020-11-06,339.56
2020-11-07,329.92
2020-11-08,346.51
2020-11-09,394.97
2020-11-10,374.52
2020-11-11,378.56
2020-11-12,378.5
2020-11-13,379.87
2020-11-14,387.85
2020-11-15,369.08
2020-11-16,365.69
2020-11-17,384.71
2020-11-18,383.08
2020-11-19,410.1
2020-11-20,401.91
2020-11-21,395.4
2020-11-22,349.31
2020-11-23,341.12
2020-11-24,360.19
2020-11-25,367.12
2020-11-26,390.6
2020-11-27,402.06
2020-11-28,399.38
2020-11-29,388.65
2020-11-30,402.01
2020-12-01,399.99
2020-12-02,400.84
2020-12-03,403.82
2020-12-04,410.79
2020-12-05,401.7
2020-12-06,335.54
2020-12-07,332.97
2020-12-08,372.71
2020-12-09,389.76
2020-12-10,379.86
2020-12-11,379.55
2020-12-12,379.08
2020-12-13,375.56
2020-12-14,378.6
2020-12-15,381.64
2020-12-16,379.65
2020-12-17,378.93
2020-12-18,379.36
2020-12-19,385.66
2020-12-20,381.08
2020-12-21,363.4
2020-12-22,369.54
2020-12-23,363.4
2020-12-24,358.26
2020-12-25,345.05
2020-12-26,373.6
2020-12-27,349.06
2020-12-28,389.21
2020-12-29,384.42
2020-12-30,401.54
2020-12-31,423.7
2021-01-01,353.08
2021-01-02,382.89
2021-01-03,388.36
2021-01-04,386.66
2021-01-05,422.12
2021-01-06,464.61
2021-01-07,475.39
2021-01-08,463.34
2021-01-09,519.44
2021-01-10,532.13
2021-01-11,540.44
2021-01-12,549.99
2021-01-13,513.37
2021-01-14,483.73
2021-01-15,452.33
2021-01-16,453.47
2021-01-17,466.74
2021-01-18,470.38
2021-01-19,440.3
2021-01-20,418.89
2021-01-21,413.8
2021-01-22,406.12
2021-01-23,436.65
2021-01-24,450.39
2021-01-25,495.27
2021-01-26,524.66
2021-01-27,551.78
2021-01-28,548.13
2021-01-29,550.59
2021-01-30,505.95
2021-01-31,484.8
2021-02-01,466.33
2021-02-02,545.01
2021-02-03,584.52
2021-02-04,576.64
2021-02-05,560.2
2021-02-06,526.29
2021-02-07,479.99
2021-02-08,718.08
2021-02-09,1000.0
2021-02-10,1000.0
2021-02-11,744.22
2021-02-12,358.22
2021-02-13,99.81
2021-02-14,117.71
2021-02-15,173.14
2021-02-16,202.29
2021-02-17,194.0
2021-02-18,202.75
2021-02-19,152.58
2021-02-20,13.54
2021-02-21,2.08
2021-02-22,0.0
2021-02-23,0.25
2021-02-24,0.12
2021-02-25,3.04
2021-02-26,9.42
2021-02-27,392.45
2021-02-28,367.9
2021-03-01,339.7
2021-03-02,302.3
2021-03-03,34.68
2021-03-04,38.38
2021-03-05,49.25
2021-03-06,60.46
2021-03-07,59.25
2021-03-08,62.25
2021-03-09,47.04
2021-03-10,33.04
2021-03-11,816.73
2021-03-12,759.01
2021-03-13,818.56
2021-03-14,803.93
2021-03-15,807.13
2021-03-16,681.38
2021-03-17,689.62
2021-03-18,683.26
2021-03-19,699.72
2021-03-20,717.68
2021-03-21,732.13
2021-03-22,828.5
2021-03-23,813.9
2021-03-24,14.58
2021-03-25,25.29
2021-03-26,229.31
2021-03-27,12.04
2021-03-28,16.67
2021-03-29,492.27
2021-03-30,952.56
2021-03-31,885.86
2021-04-01,871.68
2021-04-02,870.83
2021-04-03,877.3
2021-04-04,839.15
2021-04-05,838.66
2021-04-06,700.18
2021-04-07,748.55
2021-04-08,939.79
2021-04-09,1031.73
2021-04-10,974.81
2021-04-11,969.82
2021-04-12,983.33
2021-04-13,930.97
2021-04-14,890.86
2021-04-15,873.64
2021-04-16,911.91
2021-04-17,935.38
2021-04-18,888.49
2021-04-19,939.53
2021-04-20,939.96
2021-04-21,955.18
2021-04-22,993.0
2021-04-23,984.41
2021-04-24,959.59
2021-04-25,957.26
2021-04-26,991.78
2021-04-27,1000.63
2021-04-28,982.37
2021-04-29,965.67
2021-04-30,953.26
2021-05-01,977.11
2021-05-02,1016.74
2021-05-03,996.89
2021-05-04,960.54
2021-05-05,954.29
2021-05-06,928.0
2021-05-07,897.0
2021-05-08,880.32
2021-05-09,866.69
2021-05-10,864.41
2021-05-11,842.85
2021-05-12,830.99
2021-05-13,786.53
2021-05-14,725.63
2021-05-15,697.95
2021-05-16,688.66
2021-05-17,812.22
2021-05-18,902.64
2021-05-19,903.81
2021-05-20,649.54
2021-05-21,644.13
2021-05-22,619.02
2021-05-23,546.12
2021-05-24,582.53
2021-05-25,783.03
2021-05-26,744.44
2021-05-27,605.63
2021-05-28,632.78
2021-05-29,877.61
2021-05-30,730.41
2021-05-31,743.97
2021-06-01,877.7
2021-06-02,877.67
2021-06-03,877.75
2021-06-04,877.64
2021-06-05,877.61
2021-06-06,877.52
2021-06-07,877.21
2021-06-08,877.48
2021-06-09,877.61
2021-06-10,877.74
2021-06-11,877.75
2021-06-12,877.71
2021-06-13,877.68
2021-06-14,877.79
2021-06-15,877.83
2021-06-16,877.57
2021-06-17,877.55
2021-06-18,877.67
2021-06-19,877.83
2021-06-20,877.83
2021-06-21,877.79
2021-06-22,877.76
2021-06-23,877.67
2021-06-24,877.92
2021-06-25,877.79
2021-06-26,877.75
2021-06-27,877.88
2021-06-28,877.71
2021-06-29,877.71
2021-06-30,877.79
2021-07-01,877.71
2021-07-02,877.88
2021-07-03,877.76
2021-07-04,877.92
2021-07-05,877.96
2021-07-06,877.88
2021-07-07,877.92
2021-07-08,877.96
2021-07-09,877.96
2021-07-10,877.96
2021-07-11,877.92
2021-07-12,878.0
2021-07-13,877.96
2021-07-14,877.88
2021-07-15,877.86
2021-07-16,877.75
2021-07-17,877.79
2021-07-18,877.68
2021-09-16,921.46
2021-09-17,588.46
2021-09-18,427.33
2021-09-19,365.5
2021-09-20,411.96
2021-09-21,437.54
2021-09-22,427.96
2021-09-23,401.58
2021-09-24,413.88
2021-09-25,378.08
2021-09-26,366.33
2021-09-27,399.0
2021-09-28,442.08
2021-09-29,458.17
2021-09-30,422.71
2021-10-01,419.79
2021-10-02,420.79
2021-10-03,388.62
2021-10-04,440.39
2021-10-05,513.79
2021-10-06,497.83
2021-10-07,550.71
2021-10-08,552.21
2021-10-09,467.96
2021-10-10,439.38
2021-10-11,528.96
2021-10-12,539.33
2021-10-13,567.58
2021-10-14,551.5
2021-10-15,592.04
2021-10-16,485.83
2021-10-17,391.17
2021-10-18,483.0
2021-10-19,564.08
2021-10-20,603.12
2021-10-21,651.79
2021-10-22,659.0
2021-10-23,610.79
2021-10-24,534.46
2021-10-25,534.0
2021-10-26,586.46
2021-10-27,535.08
2021-10-28,560.6
2021-10-29,575.0
2021-10-30,550.33
2021-10-31,464.71
2021-11-01,503.79
2021-11-02,527.08
2021-11-03,651.29
2021-11-04,674.54
2021-11-05,675.29
2021-11-06,664.79
2021-11-07,557.12
2021-11-08,678.54
2021-11-09,711.67
2021-11-10,757.0
2021-11-11,755.67
2021-11-12,719.17
2021-11-13,762.62
2021-11-14,700.75
2021-11-15,766.17
2021-11-16,739.04
2021-11-17,776.17
2021-11-18,793.33
2021-11-19,790.83
2021-11-20,769.62
2021-11-21,707.58
2021-11-22,776.29
2021-11-23,800.91
2021-11-24,788.88
2021-11-25,757.62
2021-11-26,760.83
2021-11-27,764.0
2022-02-19,272.86
2022-02-20,275.21
2022-02-21,284.54
2022-02-22,295.08
2022-02-23,302.04
2022-02-24,300.79
2022-02-25,299.29
2022-02-26,300.92
2022-02-27,297.29
2022-02-28,303.67
2022-03-01,300.08
2022-03-02,299.62
2022-03-03,289.08
2022-03-04,272.54
2022-03-05,260.11
2022-03-06,248.3
2022-03-07,250.27
2022-03-08,249.75
2022-03-24,280.22
2022-03-25,273.83
2022-03-26,265.21
2022-03-27,263.83
2022-03-28,265.61
2022-03-29,267.67
2022-03-30,287.5
2022-03-31,300.29
2022-04-01,301.79
2022-04-02,297.71
2022-04-03,294.5
2022-04-04,299.21
2022-04-05,300.46
2022-04-06,296.33
2022-04-07,280.79
2022-04-08,265.0
2022-04-09,257.38
2022-04-10,259.79
2022-04-11,259.14
2022-04-12,231.33
2022-04-13,210.0
2022-04-14,216.12
2022-04-15,213.75
2022-04-16,215.58
2022-04-17,214.0
2022-04-18,214.54
2022-04-19,204.96
2022-04-20,211.42
2022-04-21,228.92
2022-04-22,233.38
2022-04-23,224.58
2022-04-24,203.25
2022-04-25,201.0
2022-04-26,201.08
2022-04-27,208.08
2022-04-28,207.88
2022-04-29,207.58
2022-04-30,201.12
2022-05-01,199.83
2022-05-02,199.92
2022-05-03,199.67
2022-05-04,199.83
2022-05-05,199.88
2022-05-06,199.88
2022-05-07,199.92
2022-05-08,199.92
2022-05-09,199.88
2022-05-10,199.79
2022-05-11,199.83
2022-05-12,199.88
2022-05-13,199.79
2022-05-14,199.88
2022-05-15,199.96
2022-05-16,199.83
2022-05-17,199.88
2022-05-18,199.75
2022-05-19,199.75
2022-05-20,199.58
2022-05-21,199.71
2022-05-22,199.46
2022-05-23,199.58
2022-05-24,199.58
2022-05-25,199.54
2022-05-26,199.67
2022-05-27,199.71
2022-05-28,199.75
2022-05-29,199.62
2022-05-30,199.62
2022-05-31,199.71
2022-06-01,199.58
2022-06-02,199.62
2022-06-03,199.67
2022-06-04,199.46
2022-06-05,199.62
2022-06-06,199.71
2022-06-07,199.54
2022-06-08,199.5
2022-06-09,199.5
2022-06-10,199.38
2022-06-11,199.38
2022-06-12,199.58
2022-06-13,199.58
2022-06-14,281.62
2022-06-15,363.04
2022-06-16,370.08
2022-06-17,389.62
2022-06-18,384.79
2022-06-19,367.5
2022-06-20,362.62
2022-06-21,361.58
2022-06-22,369.54
2022-06-23,382.71
2022-06-24,368.33
2022-06-25,359.5
2022-06-26,360.21
2022-06-27,356.75
2022-06-28,370.12
2022-06-29,407.04
2022-06-30,409.25
2022-07-01,377.21
2022-07-02,350.92
2022-07-03,333.71
2022-07-04,353.46
2022-07-05,367.29
2022-07-06,373.0
2022-07-07,377.75
2022-07-08,380.12
2022-07-09,354.32
2022-07-10,345.62
2022-07-11,356.0
2022-07-12,377.5
2022-07-13,377.62
2022-07-14,370.62
2022-07-15,377.46
2022-07-16,389.62
2022-07-17,364.5
2022-07-18,361.67
2022-07-19,359.08
2022-07-20,349.83
2022-07-21,358.54
2022-07-22,368.58
2022-07-23,351.96
2022-07-24,332.88
2022-07-25,326.5
2022-07-26,332.88
2022-07-27,344.0
2022-07-28,346.92
2022-07-29,332.12
2022-07-30,329.83
2022-07-31,326.79
2022-08-01,323.75
2022-08-02,332.17
2022-08-03,339.04
2022-08-04,337.96
2022-08-05,332.29
2022-08-06,326.5
2022-08-07,321.21
2022-08-08,318.88
2022-08-09,327.75
2022-08-10,335.5
2022-08-11,330.46
2022-08-12,324.54
2022-08-13,322.29
2022-08-14,321.92
2022-08-15,321.38
2022-08-16,320.46
2022-08-17,319.17
2022-08-18,319.38
2022-08-19,322.17
2022-08-20,319.67
2022-08-21,313.08
2022-08-22,319.38
2022-08-23,318.92
2022-08-24,316.96
2022-08-25,318.0
2022-08-26,317.12
2022-08-27,318.25
2022-08-28,320.0
2022-08-29,323.46
2022-08-30,327.46
2022-08-31,326.12
2022-09-01,320.58
2022-09-02,324.88
2022-09-03,324.62
2022-09-04,319.92
2022-09-05,316.88
2022-09-06,320.04
2022-09-07,324.92
2022-09-08,325.75
2022-09-09,353.08
2022-09-10,354.88
2022-09-11,341.71
2022-09-12,349.21
2022-09-13,361.42
2022-09-14,398.5
2022-09-15,397.67
2022-09-16,392.21
2022-09-17,355.67
2022-09-18,332.38
2022-09-19,338.92
2022-09-20,358.08
2022-09-21,370.79
2022-09-22,384.17
2022-09-23,366.79
2022-09-24,355.71
2022-09-25,324.79
2022-09-26,328.58
2022-09-27,334.54
2022-09-28,358.25
2022-09-29,384.04
2022-09-30,366.67
2022-10-01,345.0
2022-10-02,328.5
2022-10-03,357.29
2022-10-04,411.67
2022-10-05,395.54
2022-10-06,409.38
2022-10-07,434.29
2022-10-08,403.46
2022-10-09,345.96
2022-10-10,355.04
2022-10-11,372.12
2022-10-12,361.79
2022-10-13,389.71
2022-10-14,417.0
2022-10-15,380.62
2022-10-16,348.33
2022-10-17,364.38
2022-10-18,393.38
2022-10-19,419.88
2022-10-20,441.42
2022-10-21,439.83
2022-10-22,416.17
2022-10-23,371.5
2022-10-24,396.58
2022-10-25,415.17
2022-10-26,446.29
2022-10-27,444.79
2022-10-28,432.83
2022-10-29,413.5
2022-10-30,396.46
2022-10-31,460.17
2022-11-01,464.38
2022-11-02,411.54
2022-11-03,366.0
2022-11-04,361.96
2022-11-05,359.33
2022-11-06,344.58
2022-11-07,342.46
2022-11-08,342.38
2022-11-09,343.96
2022-11-10,348.58
2022-11-11,359.21
2022-11-12,362.25
2022-11-13,368.96
2022-11-14,391.71
2022-11-15,406.71
2022-11-16,400.46
2022-11-17,394.92
2022-11-18,404.46
2022-11-19,415.83
2022-11-20,409.04
2022-11-21,409.96
2022-11-22,420.54
2022-11-23,409.79
2022-11-24,411.46
2022-11-25,396.92
2022-11-26,388.04
2022-11-27,384.96
2022-11-28,385.71
2022-11-29,387.71
2022-11-30,384.29
2022-12-01,382.75
2022-12-02,387.75
2022-12-03,390.21
2022-12-04,386.62
2022-12-05,390.08
2022-12-06,407.0
2022-12-07,433.54
2022-12-08,440.08
2022-12-09,446.58
2022-12-10,446.0
2022-12-11,429.92
2022-12-12,469.25
2022-12-13,475.04
2022-12-14,460.42
2022-12-15,434.62
2022-12-16,434.62
2022-12-17,431.38
2022-12-18,428.0
2022-12-19,422.12
2022-12-20,428.25
2022-12-21,420.62
2022-12-22,465.33
2022-12-23,551.67
2022-12-24,565.88
2022-12-25,546.17
2022-12-26,528.21
2022-12-27,555.17
2022-12-28,546.38
2022-12-29,541.75
2022-12-30,534.29
2022-12-31,517.1
2023-01-01,497.46
2023-01-02,519.38
2023-01-03,558.33
2023-01-04,572.62
2023-01-05,573.33
2023-01-06,548.62
2023-01-07,511.38
2023-01-08,505.25
2023-01-09,500.96
2023-01-10,501.25
2023-01-11,508.42
2023-01-12,520.92
2023-01-13,521.0
2023-01-14,505.08
2023-01-15,496.96
2023-01-16,495.92
2023-01-17,503.96
2023-01-18,558.71
2023-01-19,621.83
2023-01-20,629.17
2023-01-21,626.33
2023-01-22,622.46
2023-01-23,640.0
2023-01-24,640.33
2023-01-25,639.71
2023-01-26,644.33
2023-01-27,638.33
2023-01-28,626.54
2023-01-29,607.62
2023-01-30,615.25
2023-01-31,617.42
2023-02-01,625.33
2023-02-02,636.29
2023-02-03,652.08
2023-02-04,652.79
2023-02-05,655.17
2023-02-06,667.79
2023-02-07,660.71
2023-02-08,647.92
2023-02-09,652.29
2023-02-10,646.21
2023-02-11,642.67
2023-02-12,644.54
2023-02-13,642.25
2023-02-14,646.96
2023-02-15,661.67
2023-02-16,676.71
2023-02-17,675.79
2023-02-18,662.0
2023-02-19,643.96
2023-02-20,640.5
2023-02-21,628.38
2023-02-22,638.42
2023-02-23,657.5
2023-02-24,671.79
2023-02-25,670.12
2023-02-26,655.62
2023-02-27,655.33
2023-02-28,660.04
2023-03-01,620.0
2023-03-02,640.83
2023-03-03,662.0
2023-03-04,650.88
2023-03-05,670.71
2023-03-06,681.96
2023-03-07,672.0
2023-03-08,690.12
2023-03-09,704.08
2023-03-10,689.5
2023-03-11,671.5
2023-03-12,650.12
2023-03-13,675.04
2023-03-14,709.67
2023-03-15,721.71
2023-03-16,739.96
2023-03-17,736.58
2023-03-18,751.08
2023-03-19,748.83
2023-03-20,764.46
2023-03-21,782.17
2023-03-22,796.38
2023-03-23,790.79
2023-03-24,812.0
2023-03-25,809.62
2023-03-26,795.7
2023-03-27,807.46
2023-03-28,801.83
2023-03-29,796.79
2023-03-30,785.21
2023-03-31,776.67
2023-04-01,770.21
2023-04-02,768.33
2023-04-03,774.71
2023-04-04,754.92
2023-04-05,734.88
2023-04-06,732.88
2023-04-07,737.08
2023-04-08,755.33
2023-04-09,754.04
2023-04-10,873.46
2023-04-11,1144.71
2023-04-12,1141.88
2023-04-13,1126.5
2023-04-14,1136.12
2023-04-15,1122.0
2023-04-16,1120.33
2023-04-17,1125.54
2023-04-18,1128.42
2023-04-19,1117.17
2023-04-20,1115.33
2023-04-21,1106.5
2023-04-22,1093.67
2023-04-23,1088.75
2023-04-24,1101.62
2023-04-25,1106.62
2023-04-26,1097.96
2023-04-27,1083.08
2023-04-28,1073.88
2023-04-29,1061.92
2023-04-30,1048.38
2023-05-01,1052.04
2023-05-02,1083.04
2023-05-03,1066.38
2023-05-04,1048.04
2023-05-05,1060.25
2023-05-06,1067.79
2023-05-07,1067.75
2023-05-08,1079.08
2023-05-09,1083.0
2023-05-10,1060.17
2023-05-11,1036.54
2023-05-12,1039.92
2023-05-13,1046.33
2023-05-14,1020.38
2023-05-15,1013.25
2023-05-16,1033.04
2023-05-17,1033.17
2023-05-18,1030.39
2023-05-19,1026.08
2023-05-20,1026.0
2023-05-21,1014.38
2023-05-22,1017.71
2023-05-23,1003.21
2023-05-24,996.08
2023-05-25,974.08
2023-05-26,961.38
2023-05-27,958.0
2023-05-28,968.42
2023-05-29,978.75
2023-05-30,953.71
2023-05-31,965.29
2023-06-01,953.0
2023-06-02,937.21
2023-06-03,902.25
2023-06-04,897.54
2023-06-05,908.75
2023-06-06,926.21
2023-06-07,901.67
2023-06-08,892.75
2023-06-09,905.83
2023-06-10,898.62
2023-06-11,899.46
2023-06-12,912.38
2023-06-13,908.45
2023-06-14,902.46
2023-06-15,901.5
2023-06-16,896.79
2023-06-17,889.21
2023-06-18,886.46
2023-06-19,876.08
2023-06-20,881.46
2023-06-21,589.08
2023-06-22,378.75
2023-06-23,379.5
2023-06-24,375.38
2023-06-25,368.12
2023-06-26,386.62
2023-06-27,394.25
2023-06-28,384.5
2023-06-29,385.71
2023-06-30,386.5
2023-07-01,395.62
2023-07-02,397.75
2023-07-03,395.21
2023-07-04,388.71
2023-07-05,377.33
2023-07-06,376.12
2023-07-07,390.29
2023-07-08,380.29
2023-07-09,378.21
2023-07-10,379.52
2023-07-11,377.67
2023-07-12,371.83
2023-07-13,382.38
2023-07-14,380.04
2023-07-15,356.75
2023-07-16,351.58
2023-07-17,357.04
2023-07-18,374.29
2023-07-19,367.17
2023-07-20,354.46
2023-07-21,354.04
2023-07-22,358.67
2023-07-23,356.46
2023-07-24,354.62
2023-07-25,360.62
2023-07-26,362.12
2023-07-27,372.88
2023-07-28,389.25
2023-07-29,383.17
2023-07-30,371.38
2023-07-31,369.88
2023-08-01,392.12
2023-08-02,375.79
2023-08-03,370.21
2023-08-04,369.58
2023-08-05,367.71
2023-08-06,355.92
2023-08-07,356.42
2023-08-08,375.5
2023-08-09,382.54
2023-08-10,380.33
2023-08-11,366.75
2023-08-12,363.38
2023-08-13,353.29
2023-08-14,347.08
2023-08-15,356.25
2023-08-16,385.44
2023-08-17,383.21
2023-08-18,383.17
2023-08-19,385.79
2023-08-20,387.96
2023-08-21,381.88
2023-08-22,381.0
2023-08-23,389.29
2023-08-24,386.92
2023-08-25,380.62
2023-08-26,380.38
2023-08-27,381.21
2023-08-28,379.46
2023-08-29,376.42
2023-08-30,370.12
2023-08-31,370.42
2023-09-01,372.75
2023-09-02,373.46
2023-09-03,371.17
2023-09-04,373.25
2023-09-05,372.54
2023-09-06,369.92
2023-09-07,355.21
2023-09-08,346.21
2023-09-09,345.0
2023-09-10,343.83
2023-09-11,346.17
2023-09-12,347.62
2023-09-13,347.17
2023-09-14,350.92
2023-09-15,349.25
2023-09-16,347.08
2023-09-17,347.54
2023-09-18,354.62
2023-09-19,372.25
2023-09-20,380.12
2023-09-21,386.29
2023-09-22,389.67
2023-09-23,389.96
2023-09-24,374.54
2023-09-25,425.3
2023-09-27,447.59
2023-09-28,438.08
2023-09-29,397.75
2023-09-30,363.25
2023-10-01,356.71
2023-10-02,372.12
2023-10-03,386.58
2023-10-04,389.08
2023-10-05,399.46
2023-10-06,400.75
2023-10-07,414.46
2023-10-08,389.79
2023-10-09,391.62
2023-10-10,392.25
2023-10-11,387.79
2023-10-12,383.17
2023-10-13,398.67
2023-10-14,390.42
2023-10-15,368.5
2023-10-16,385.12
2023-10-17,399.71
2023-10-18,414.04
2023-10-19,430.0
2023-10-20,403.04
2023-10-21,374.25
2023-10-22,362.38
2023-10-23,379.25
2023-10-24,392.28
2023-10-25,442.17
2023-10-26,441.96
2023-10-27,431.67
2023-10-28,398.75
2023-10-29,396.42
2023-10-30,406.54
2023-10-31,406.67
2023-11-01,420.0
2023-11-02,416.92
2023-11-03,415.42
2023-11-04,406.63
2023-11-05,409.67
2023-11-06,394.42
2023-11-07,384.04
2023-11-08,382.21
2023-11-09,387.77
2023-11-10,394.53
2023-11-11,389.79
2023-11-12,398.83
2023-11-13,404.08
2023-11-14,412.38
2023-11-15,399.62
2023-11-16,389.62
2023-11-17,395.25
2023-11-18,379.0
2023-11-19,360.21
2023-11-20,355.75
2023-11-21,361.42
2023-11-22,365.17
2023-11-23,361.71
2023-11-24,362.17
2023-11-25,363.71
2023-11-26,358.17
2023-11-27,363.0
2023-11-28,300.25
2023-11-29,239.0
2023-11-30,239.0
2023-12-01,239.0
2023-12-02,239.0
2023-12-03,239.0
2023-12-04,239.0
2023-12-05,239.0
2023-12-06,239.0
2023-12-07,239.0
2023-12-08,239.0
2023-12-09,239.0
2023-12-10,239.0
2023-12-11,239.0
2023-12-12,239.0
2023-12-13,239.0
2023-12-14,239.0
2023-12-15,239.0
2023-12-16,239.0
2023-12-17,239.0
2023-12-18,239.0
2023-12-19,239.0
2023-12-20,239.0
2023-12-21,239.0
2023-12-22,239.0
2023-12-23,239.0
2023-12-24,239.0
2023-12-25,239.0
2023-12-26,239.0
2023-12-27,239.0
2023-12-28,239.0
2023-12-29,239.0
2023-12-30,239.0
2023-12-31,239.0
2024-01-01,239.0
2024-01-02,239.0
2024-01-03,239.0
2024-01-04,239.0
2024-01-05,239.0
2024-01-06,239.0
2024-01-07,239.0
2024-01-08,239.0
2024-01-09,239.0
2024-01-10,239.0
2024-01-11,239.0
2024-01-12,239.0
2024-01-13,239.0
2024-01-14,239.0
2024-01-15,239.0
2024-01-16,239.0
2024-01-17,239.0
2024-01-18,239.0
2024-01-19,239.0
2024-01-20,239.0
2024-01-21,239.0
2024-01-22,239.0
2024-01-23,239.0
2024-01-24,239.0
2024-01-25,239.0
2024-01-26,239.0
2024-01-27,239.0
2024-01-28,239.0
2024-01-29,239.0
2024-01-30,239.0
2024-01-31,239.0
2024-02-01,239.0
2024-02-02,239.0
2024-02-03,239.0
2024-02-04,239.0
2024-02-05,239.0
2024-02-06,239.0
2024-02-07,239.0
2024-02-08,239.0
2024-02-09,239.0
2024-02-10,239.0
2024-02-11,239.0
2024-02-12,239.0
2024-02-13,239.0
2024-02-14,239.0
2024-02-15,239.0
2024-02-16,452.29
2024-02-17,584.75
2024-02-18,589.38
2024-02-19,623.88
2024-02-20,649.67
2024-02-21,629.62
2024-02-22,599.08
2024-02-23,615.58
2024-02-24,571.12
2024-02-25,550.5
2024-02-26,610.12
2024-02-27,601.83
2024-02-28,634.08
2024-02-29,663.67
2024-03-01,675.58
2024-03-02,673.21
2024-03-03,638.46
2024-03-04,642.75
2024-03-05,667.62
2024-03-06,647.0
2024-03-07,638.0
2024-03-08,608.0
2024-03-09,661.17
2024-03-10,646.67
2024-03-11,667.92
2024-03-12,687.54
2024-03-13,691.29
2024-03-14,698.38
2024-03-15,695.04
2024-03-16,689.54
2024-03-17,685.92
2024-03-18,748.92
2024-03-19,755.79
2024-03-20,776.79
2024-03-21,885.25
2024-03-22,948.29
2024-03-23,970.08
2024-03-24,962.46
2024-03-25,969.75
2024-03-26,972.0
2024-03-27,972.0
2024-03-28,955.04
2024-03-29,926.38
2024-03-30,970.79
2024-03-31,972.0
2024-04-01,972.0
2024-04-02,972.0
2024-04-03,972.0
2024-04-04,972.0
2024-04-05,971.38
2024-04-06,969.17
2024-04-07,962.71
2024-04-08,972.0
2024-04-09,972.0
2024-04-10,972.0
2024-04-11,972.0
2024-04-12,972.0
2024-04-13,972.0
2024-04-14,972.0
2024-04-15,972.0
2024-04-16,972.0
2024-04-17,972.0
2024-04-18,972.0
2024-04-19,972.0
2024-04-20,972.0
2024-04-21,972.0
2024-04-22,972.0
2024-04-23,972.0
2024-04-24,972.0
2024-04-25,968.04
2024-04-26,972.0
2024-04-27,972.0
2024-04-28,972.0
2024-04-29,957.08
2024-04-30,892.33
2024-05-01,903.46
2024-05-02,898.75
2024-05-03,917.88
2024-05-04,972.0
2024-05-05,972.0
2024-05-06,913.42
2024-05-07,823.83
2024-05-08,783.5
2024-05-09,788.12
2024-05-10,802.29
2024-05-11,815.88
2024-05-12,798.38
2024-05-13,764.29
2024-05-14,762.29
2024-05-15,688.38
2024-05-16,617.04
2024-05-17,648.75
2024-05-18,737.33
2024-05-19,664.67
2024-05-20,648.08
2024-05-21,524.5
2024-05-22,517.38
2024-05-23,521.04
2024-05-24,570.5
2024-05-25,560.54
2024-05-26,497.46
2024-05-27,516.52
2024-05-28,491.64
2024-05-29,497.19
2024-05-30,487.69
2024-05-31,415.75
2024-06-01,418.0
2024-06-02,360.19
2024-06-03,395.96
2024-06-04,472.17
2024-06-05,440.62
2024-06-06,351.08
2024-06-07,475.96
2024-06-08,104.83
2024-06-09,86.0
2024-06-10,86.0
2024-06-11,86.0
2024-06-12,86.0
2024-06-13,86.0
2024-06-18,199.86
2024-06-19,311.13
2024-06-20,362.17
2024-06-21,356.88
2024-06-22,364.08
2024-06-23,361.17
2024-06-24,363.58
2024-06-25,377.91
2024-06-26,382.58
2024-06-27,394.29
2024-06-28,392.83
2024-06-29,379.0
2024-06-30,359.54
2024-07-01,350.29
2024-07-02,351.5
2024-07-03,350.12
2024-07-04,345.88
2024-07-05,349.71
2024-07-06,359.67
2024-07-07,343.5
2024-07-08,345.12
2024-07-09,354.83
2024-07-10,362.33
2024-07-11,355.71
2024-07-12,378.21
2024-07-13,376.33
2024-07-14,361.17
2024-07-15,362.67
2024-07-16,355.54
2024-07-17,370.88
2024-07-18,385.46
2024-07-19,383.96
2024-07-20,370.3
2024-07-21,355.75
2024-07-22,372.21
2024-07-23,368.83
2024-07-24,362.5
2024-07-25,363.38
2024-07-26,364.92
2024-07-27,363.0
2024-07-28,366.0
2024-07-29,393.33
2024-07-30,398.96
2024-07-31,382.62
2024-08-01,363.33
2024-08-02,364.5
2024-08-03,363.29
2024-08-04,344.75
2024-08-05,343.5
2024-08-06,347.29
2024-08-07,370.75
2024-08-08,414.54
2024-08-09,387.71
2024-08-10,385.46
2024-08-11,354.75
2024-08-12,340.92
2024-08-13,341.0
2024-08-14,341.0
2024-08-15,341.08
2024-08-16,340.92
2024-08-17,341.17
2024-08-18,341.0
2024-08-19,341.08
2024-08-20,339.25
2024-08-21,339.0
2024-08-22,339.0
2024-08-23,339.0
2024-08-24,339.0
2024-08-25,339.0
2024-08-26,339.0
2024-08-27,339.0
2024-08-28,339.0
2024-08-29,352.92
2024-08-30,355.46
2024-08-31,339.0
2024-09-01,339.0
2024-09-02,339.0
2024-09-03,339.0
2024-09-04,615.0
2024-09-05,810.62
2024-09-06,771.46
2024-09-07,516.96
2024-09-08,280.38
2024-09-10,235.0
2024-09-27,463.92
2024-09-28,394.42
2024-09-29,313.67
2024-09-30,119.33
2024-10-01,235.29
2024-10-02,507.83
2024-10-03,514.92
2024-10-04,454.42
2024-10-05,399.5
2024-10-06,324.21
2024-10-07,376.17
2024-10-08,518.71
2024-10-09,614.0
2024-10-10,559.38
2024-10-11,419.42
2024-10-12,325.08
2024-10-13,281.54
2024-10-14,273.75
2024-10-15,287.71
2024-10-16,378.58
2024-10-17,619.92
2024-10-18,709.58
2024-10-19,520.0
2024-10-20,273.79
2024-10-21,252.12
2024-10-22,276.21
2024-10-23,369.5
2024-10-24,422.62
2024-10-25,325.88
2024-10-26,331.04
2024-10-27,369.38
2024-10-28,300.17
2024-10-29,273.12
2024-10-30,370.46
2024-10-31,412.04
2024-11-01,410.33
2024-11-02,373.21
2024-11-03,362.88
2024-11-04,402.36
2024-11-05,465.83
2024-11-06,456.42
2024-11-07,457.33
2024-11-08,445.54
2024-11-09,410.08
2024-11-10,367.38
2024-11-11,431.17
2024-11-12,540.33
2024-11-13,533.54
2024-11-14,552.54
2024-11-15,503.08
2024-11-16,509.75
2024-11-17,516.96
2024-11-18,524.12
2024-11-19,583.04
2024-11-20,628.38
2024-11-21,667.12
2024-11-22,711.92
2024-11-23,748.79
2024-11-24,671.75
2024-11-25,597.79
2024-11-26,671.46
2024-11-27,657.57
2024-11-28,658.27
2024-11-29,682.29
2024-11-30,618.92
2024-12-01,620.79
2024-12-02,702.38
2024-12-03,683.83
2024-12-04,672.79
2024-12-05,608.42
2024-12-06,588.38
2024-12-07,586.54
2024-12-08,586.12
2024-12-09,589.67
2024-12-10,586.65
2024-12-11,546.73
2024-12-12,628.12
2024-12-13,602.88
2024-12-14,536.33
2024-12-15,553.67
2024-12-16,598.12
2024-12-17,639.62
2024-12-18,616.62
2024-12-19,431.46
2024-12-20,409.29
2024-12-21,572.79
2024-12-22,530.58
2024-12-23,551.75
2024-12-24,577.92
2024-12-25,532.9
2024-12-26,492.33
2024-12-27,490.74
2024-12-28,504.04
2024-12-29,500.04
2024-12-30,478.62
2024-12-31,479.76
2025-01-01,471.74
2025-01-02,478.08
2025-01-03,491.96
2025-01-04,594.17
2025-01-05,636.42
2025-01-06,619.65
2025-01-07,634.25
2025-01-08,717.42
2025-01-09,751.96
2025-01-10,747.88
2025-01-11,704.46
2025-01-12,680.58
2025-01-13,705.46
2025-01-14,741.58
2025-01-15,751.67
2025-01-16,745.79
2025-01-17,712.57
2025-01-18,550.29
2025-01-19,2.79
2025-01-20,11.67
2025-01-21,12.54
2025-01-22,8.12
2025-01-23,256.25
2025-01-24,626.75
2025-01-25,639.08
2025-01-26,615.0
2025-01-27,620.54
2025-01-28,662.04
2025-01-29,649.62
2025-01-30,641.42
2025-01-31,635.5
2025-02-01,623.54
2025-02-02,615.0
2025-02-03,628.5
2025-02-04,683.21
2025-02-05,726.42
2025-02-06,828.58
2025-02-07,949.5
2025-02-08,997.33
2025-02-09,1109.58
2025-02-10,1758.62
2025-02-11,1871.96
2025-02-12,1956.33
2025-02-13,1666.96
2025-02-14,1041.08
2025-02-15,1051.62
2025-02-16,997.12
2025-02-17,932.79
2025-02-18,1000.08
2025-02-19,981.87
2025-02-20,976.08
2025-02-21,959.5
2025-02-22,979.5
2025-02-23,938.38
2025-02-24,1007.79
2025-02-25,1014.04
2025-02-26,1038.08
2025-02-27,1044.33
2025-02-28,1099.54
2025-03-01,1098.67
2025-03-02,1122.25
2025-03-03,1096.25
2025-03-04,1084.21
2025-03-05,1092.83
2025-03-06,1125.33
2025-03-07,1147.58
2025-03-08,1162.38
2025-03-09,1181.17
2025-03-10,1231.0
2025-03-11,1132.08
2025-03-12,1061.75
2025-03-13,1059.62
2025-03-14,1092.54
2025-03-15,1010.29
2025-03-16,970.21
2025-03-17,917.38
2025-03-18,919.58
2025-03-19,1025.46
2025-03-20,1013.25
2025-03-21,1042.0
2025-03-22,1111.46
2025-03-23,1105.38
2025-03-24,1123.88
2025-03-25,1119.62
2025-03-26,1135.5
2025-03-27,1052.58
2025-03-28,991.67
2025-03-29,848.79
2025-03-30,865.08
2025-03-31,869.54
2025-04-01,894.62
2025-04-02,1053.33
2025-04-03,1057.25
2025-04-04,913.33
2025-04-05,891.96
2025-04-06,839.08
2025-04-07,898.67
2025-04-08,907.08
2025-04-09,857.22
2025-04-10,854.79
2025-04-11,788.67
2025-04-12,656.86
2025-04-13,600.71
2025-04-14,673.0
2025-04-15,752.65
2025-04-16,753.92
2025-04-17,709.71
2025-04-18,673.04
2025-04-19,749.12
2025-04-20,796.46
2025-04-21,746.12
2025-04-22,742.12
2025-04-23,734.71
2025-04-24,756.62
2025-04-25,736.96
2025-04-26,763.46
2025-04-27,668.0
2025-04-28,781.88
2025-04-29,838.71
2025-04-30,745.38
2025-05-01,535.79
2025-05-02,739.21
2025-05-03,849.25
2025-05-04,748.0
2025-05-05,737.71
2025-05-06,680.75
2025-05-07,633.79
2025-05-08,671.12
2025-05-09,662.08
2025-05-10,587.17
2025-05-11,589.67
2025-05-12,475.33
2025-05-13,526.21
2025-05-14,641.33
2025-05-15,685.46
2025-05-16,661.79
2025-05-17,529.38
2025-05-18,486.08
2025-05-19,527.04
2025-05-20,563.17
2025-05-21,529.17
2025-05-22,409.0
2025-05-23,438.12
2025-05-24,378.5
2025-05-25,350.96
2025-05-26,491.12
2025-05-27,421.46
2025-05-28,488.96
2025-05-29,414.43
2025-05-30,349.12
2025-05-31,389.0
2025-06-01,292.96
2025-06-02,263.79
2025-06-03,325.42
2025-06-04,331.17
2025-06-05,369.5
2025-06-06,334.92
2025-06-07,271.17
2025-06-08,288.71
2025-06-09,368.21
2025-06-10,361.29
2025-06-11,275.79
2025-06-12,228.96
2025-06-13,205.5
2025-06-14,210.5
2025-06-15,199.42
2025-06-16,300.75
2025-06-17,258.04
2025-06-18,232.88
2025-06-19,228.17
2025-06-20,246.58
2025-06-21,198.62
2025-06-22,141.38
2025-06-23,118.75
2025-06-24,164.17
2025-06-25,150.42
2025-06-26,154.04
2025-06-27,198.33
2025-06-28,235.08
2025-06-29,171.33
2025-06-30,159.46
2025-07-01,141.08
2025-07-02,121.46
2025-07-03,97.67
2025-07-04,150.25
2025-07-05,141.46
2025-07-06,92.12
2025-07-07,82.26
2025-07-08,113.12
2025-07-09,152.42
2025-07-10,79.08
2025-07-11,83.08
2025-07-12,77.88
2025-07-13,80.54
2025-07-14,95.67
2025-07-15,118.79
2025-07-16,94.25
2025-07-17,127.96
2025-07-18,154.33
2025-07-19,394.46
2025-07-20,327.58
2025-07-21,370.67
2025-07-22,465.5
2025-07-23,475.96
2025-07-24,468.88
2025-07-25,457.46
2025-07-26,476.75
2025-07-27,400.83
2025-07-28,433.25
2025-07-29,557.42
2025-07-30,527.04
2025-07-31,430.12
2025-08-01,382.0
2025-08-02,362.5
2025-08-03,353.88
2025-08-04,384.25
2025-08-05,413.0
2025-08-06,404.25
2025-08-07,394.83
2025-08-08,419.29
2025-08-09,451.5
2025-08-10,425.83
2025-08-11,475.58
2025-08-12,463.0
2025-08-13,400.42
2025-08-14,416.75
2025-08-15,485.42
2025-08-16,406.58
2025-08-17,323.67
2025-08-18,338.04
2025-08-19,344.62
2025-08-20,368.29
2025-08-21,382.67
2025-08-22,330.96
2025-08-23,326.08
2025-08-24,318.92
2025-08-25,311.0
2025-08-26,311.92
2025-08-27,312.67
2025-08-28,274.71
2025-08-29,181.29
2025-08-30,185.29
2025-08-31,189.67
2025-09-01,178.92
2025-09-02,179.29
2025-09-03,174.88
2025-09-04,175.54
2025-09-05,186.25
2025-09-06,236.46
2025-09-07,196.38
2025-09-08,222.42
2025-09-09,291.17
2025-09-10,581.7
2025-09-11,627.33
2025-09-12,583.71
2025-09-13,621.42
2025-09-14,646.21
2025-09-15,532.92
2025-09-16,358.04
2025-09-17,279.46
2025-09-18,333.92
2025-09-19,341.54
2025-09-20,337.54
2025-09-21,332.96
2025-09-22,346.0
2025-09-23,341.92
2025-09-24,333.21
2025-09-25,333.08
2025-09-26,331.38
2025-09-27,330.88
2025-09-28,331.46
2025-09-29,338.25
2025-09-30,342.71
2025-10-01,344.92
2025-10-02,344.08
2025-10-03,324.12
2025-10-04,335.21
2025-10-05,331.08
2025-10-06,340.75
2025-10-07,353.26
2025-10-08,355.62
2025-10-09,347.83
2025-10-10,345.75
2025-10-11,347.83
2025-10-12,352.62
2025-10-13,351.5
2025-10-14,391.04
2025-10-15,487.33
2025-10-16,397.54
2025-10-17,329.96
2025-10-18,318.33
2025-10-19,304.08
2025-10-20,299.21
2025-10-21,274.79
2025-10-22,268.96
2025-10-23,270.33
2025-10-24,284.5
2025-10-25,325.96
2025-10-26,325.08
2025-10-27,330.29
2025-10-28,341.04
2025-10-29,349.62
2025-10-30,349.38
2025-10-31,341.58
2025-11-01,331.33
2025-11-02,326.38
2025-11-03,339.38
2025-11-04,376.25
2025-11-05,369.83
2025-11-06,386.62
2025-11-07,402.38
2025-11-08,396.54
2025-11-09,394.5
2025-11-10,378.04
2025-11-11,391.79
2025-11-12,457.08
2025-11-13,458.88
2025-11-14,456.67
2025-11-15,456.5
2025-11-16,455.96
2025-11-17,460.0
2025-11-18,469.83
2025-11-19,484.42
2025-11-20,503.54
2025-11-21,505.58
2025-11-22,487.17
2025-11-23,467.33
2025-11-24,462.88
2025-11-25,477.42
2025-11-26,483.46
2025-11-27,474.17
2025-11-28,462.33
2025-11-29,469.67
2025-11-30,500.29
2025-12-01,507.96
2025-12-02,509.71
2025-12-03,491.33
2025-12-04,472.29
2025-12-05,493.88
2025-12-06,502.08
2025-12-07,499.33
2025-12-08,477.54
2025-12-09,463.21
2025-12-10,465.62
2025-12-11,484.96
2025-12-12,505.92
2025-12-13,505.62
2025-12-14,486.38
2025-12-15,491.17
2025-12-16,490.08
2025-12-17,477.29
2025-12-18,473.42
2025-12-19,475.88
2025-12-20,469.5
2025-12-21,470.88
2025-12-22,478.12
2025-12-23,485.83
2025-12-24,484.83
2025-12-25,472.33
2025-12-26,473.17
2025-12-27,481.75
2025-12-28,480.29
2025-12-29,481.04
2025-12-30,480.25
2025-12-31,481.08
2026-01-01,480.21
2026-01-02,490.12
2026-01-03,490.33
2026-01-04,490.88
2026-01-05,474.04
2026-01-06,478.92
2026-01-07,488.83
2026-01-08,486.54
2026-01-09,473.04
2026-01-10,471.5
2026-01-11,476.29
2026-01-12,488.83
2026-01-13,489.42
2026-01-14,480.75
2026-01-15,481.67
2026-01-16,482.92
2026-01-17,496.29
2026-01-18,513.75
2026-01-19,515.96
2026-01-20,524.08
2026-01-21,512.38
2026-01-22,489.58
2026-01-23,472.08
2026-01-24,468.79
2026-01-25,468.54
2026-01-26,487.25
2026-01-27,481.5
2026-01-28,484.67
2026-01-29,472.42
2026-01-30,504.5
2026-01-31,508.17
2026-02-01,507.62
2026-02-02,514.58
2026-02-03,514.83
2026-02-04,513.58
2026-02-05,513.96
2026-02-06,512.04
2026-02-07,504.75
2026-02-08,503.67
2026-02-09,499.83
2026-02-10,490.29
2026-02-11,494.96
2026-02-12,498.38
2026-02-13,498.75
2026-02-14,482.42
2026-02-15,483.17
2026-02-16,480.08
2026-02-17,486.92
2026-02-18,491.08
2026-02-19,508.71
2026-02-20,512.62
2026-02-21,515.33
2026-02-22,508.33
2026-02-23,661.21
2026-02-24,802.83
2026-02-25,801.38
2026-02-26,754.79
2026-02-27,515.0
2026-02-28,539.38
2026-03-01,545.38
2026-03-02,515.0
2026-03-03,515.0
2026-03-04,588.62
2026-03-05,737.25
2026-03-06,728.83
2026-03-07,728.5
2026-03-08,682.29
2026-03-09,768.67
2026-03-10,773.25
2026-03-11,591.96
2026-03-12,560.83
2026-03-13,558.88
2026-03-14,573.75
2026-03-15,573.54
2026-03-16,576.21
2026-03-17,553.5
2026-03-18,541.43
2026-03-19,529.33
2026-03-20,532.38
2026-03-21,532.91
2026-03-22,526.1
2026-03-23,527.08
2026-03-24,520.83
2026-03-25,516.71
2026-03-26,868.17
2026-03-27,1049.26
2026-03-28,1102.42
2026-03-29,1115.96
2026-03-30,1132.54
2026-03-31,1151.12
2026-04-01,1141.83
2026-04-02,1110.96
2026-04-03,1099.04
2026-04-04,1074.33
2026-04-05,1072.12
2026-04-06,1123.29
2026-04-07,1124.5
2026-04-08,1122.33
2026-04-09,1140.71
2026-04-10,1137.5
2026-04-11,1081.5
2026-04-12,1061.04
2026-04-13,1085.54
2026-04-14,1089.71
2026-04-15,1035.67
2026-04-16,1020.38
2026-04-17,1011.0
2026-04-18,1002.79
2026-04-19,1053.88
2026-04-20,1042.08
2026-04-21,1034.96
2026-04-22,1046.38
2026-04-23,1076.42
2026-04-24,1154.71
2026-04-25,1158.62
2026-04-26,1155.12
2026-04-27,1160.58
2026-04-28,1165.67
2026-04-29,1122.25
2026-04-30,1077.46
2026-05-01,1076.38
2026-05-02,1065.58
2026-05-03,1047.71
2026-05-04,1042.83
2026-05-05,1028.33
2026-05-06,1007.88
2026-05-07,993.33
2026-05-08,1006.75
2026-05-09,981.58
2026-05-10,943.91
2026-05-19,869.57
2026-05-20,834.71
2026-05-21,824.88
2026-05-22,817.25
2026-05-23,832.67
2026-06-17,793.0
2026-06-20,526.88
2026-06-21,434.75
2026-06-22,413.0
2026-06-23,418.5
2026-06-24,421.08
2026-06-25,403.79
2026-06-26,421.08
2026-06-27,417.04
2026-06-28,388.67
2026-06-29,389.08
2026-06-30,381.08
2026-07-01,381.17
2026-07-02,405.88
2026-07-03,397.04
2026-07-04,384.38
2026-07-05,386.83
2026-07-06,367.54
2026-07-07,387.26
2026-07-08,400.22
2026-07-09,380.75
2026-07-10,370.33
2026-07-11,362.79
2026-07-12,359.71
2026-07-13,384.0
2026-07-14,456.3
2026-07-15,390.12
2026-07-16,348.88
2026-07-17,345.21
2026-07-18,338.5
2026-07-19,337.42
2026-07-20,341.54
2026-07-21,336.71
2026-07-22,361.5
2026-07-23,379.12
2026-07-24,388.96
2026-07-25,380.79
2026-07-26,350.29
2026-07-27,336.54
2026-07-28,345.62
2026-07-29,361.12
2026-07-30,372.79
2026-07-31,359.08
2026-08-01,335.38
2026-08-02,335.75
2026-08-03,334.04
2026-08-04,355.42
2026-08-05,355.21
2026-08-06,370.3
2026-08-07,370.58
2026-08-08,358.54
2026-08-09,346.88
2026-08-10,347.58
2026-08-11,363.83
2026-08-12,383.58
2026-08-13,404.33
2026-08-14,396.29
2026-08-15,354.21
2026-08-16,329.42
2026-08-17,331.58
2026-08-18,341.79
2026-08-19,344.62
2026-08-20,351.08
2026-08-21,351.92
2026-08-22,362.79
2026-08-23,348.04
2026-08-24,333.58
2026-08-25,332.04
2026-08-26,348.62
2026-08-27,356.5
2026-08-28,369.21
2026-08-29,370.54
2026-08-30,345.12
2026-08-31,358.71
2026-09-01,384.46
2026-09-02,381.58
2026-09-03,357.46
2026-09-04,346.29
2026-09-05,344.33
2026-09-06,325.5
2026-09-07,315.28
2026-09-08,319.92
2026-09-09,335.12
2026-09-10,342.88
2026-09-11,346.3
2026-09-12,342.5
2026-09-13,327.75
2026-09-14,329.29
2026-09-15,330.88
2026-09-16,324.71
2026-09-17,323.54
2026-09-18,320.83
2026-09-19,310.71
2026-09-20,305.04
2026-09-21,325.58
2026-09-22,356.42
2026-09-23,361.75
2026-09-24,354.96
2026-09-25,338.58
2026-09-26,342.17
2026-09-27,326.83
2026-09-28,323.18
